{"cameraMode":{"drawMode":0,"name":"Shaded","section":"Shading Mode"},"sceneLighting":true,"audioPlay":false,"sceneViewState":{"m_AlwaysRefresh":false,"showFog":true,"showSkybox":true,"showFlares":true,"showImageEffects":true,"showParticleSystems":true,"showVisualEffectGraphs":true,"m_FxEnabled":true},"in2DMode":false,"pivot":{"x":2.5565874576568605,"y":15.222500801086426,"z":-20.98310089111328},"rotation":{"x":0.2859378457069397,"y":-0.04693571850657463,"z":0.01402322854846716,"w":0.9571037888526917},"size":3.509308338165283,"orthographic":true}